Jenna Ortega,actor/actress: Wednesday Addams (8 episodes 2022),Flexitarian,Sirena
Gwendoline Christie,actor/actress: Principal Larissa Weems (8 episodes 2022),Flexitarian,Clarvazator
Riki Lindhome,actor/actress: Dr. Valerie Kinbott (8 episodes 2022),Apt sa manance orice,Vampir
Emma Myers,actor/actress: Enid Sinclair (8 episodes 2022),Flexitarian,Varcolac
Joy Sunday,actor/actress: Bianca Barclay (8 episodes 2022),Flexitarian,Clarvazator
Naomi J. Ogawa,actor/actress: Yoko Tanaka (8 episodes 2022),Apt sa manance orice,Varcolac
Christina Ricci,actor/actress: Marilyn Thornhill (8 episodes 2022),Apt sa manance orice,Sirena
Jamie McShane,actor/actress: Sheriff Donovan Galpin (8 episodes 2022),Flexitarian,Sirena
Hunter Doohan,actor/actress: Tyler Galpin (8 episodes 2022),Flexitarian,Clarvazator
Percy Hynes White,actor/actress: Xavier Thorpe (8 episodes 2022),Apt sa manance orice,Clarvazator
Georgie Farmer,actor/actress: Ajax Petropolus (8 episodes 2022),Flexitarian,Om
Johnna Dias-Watson,actor/actress: Divina (8 episodes 2022),Flexitarian,Sirena
Oliver Watson,actor/actress: Kent (8 episodes 2022),Apt sa manance orice,Vampir
Victor Dorobantu,actor/actress: Thing (8 episodes 2022),Flexitarian,Vampir
Moosa Mostafa,actor/actress: Eugene Ottinger (8 episodes 2022),Apt sa manance orice,Vampir
Daniel Himschoot,actor/actress: Hyde Monster (8 episodes 2022),Vegetarian,Sirena
Luyanda Unati Lewis-Nyawo,actor/actress: Deputy Ritchie Santiago (8 episodes 2022),Flexitarian,Om
Iman Marson,actor/actress: Lucas (8 episodes 2022),Vegetarian,Clarvazator
Calum Ross,actor/actress: Rowan Laslow (8 episodes 2022),Vegetarian,Sirena
Cezar Grumazescu,actor/actress: Coach Vlad (8 episodes 2022),Vegetarian,Clarvazator
Tommie Earl Jenkins,actor/actress: Mayor Noble Walker (8 episodes 2022),Flexitarian,Clarvazator
Catherine Zeta-Jones,actor/actress: Morticia Addams (8 episodes 2022),Flexitarian,Om
Morgan Beale,actor/actress: Jonah (8 episodes 2022),Vegetarian,Clarvazator
George Burcea,actor/actress: Lurch (8 episodes 2022),Apt sa manance orice,Om
Islam Bouakkaz,actor/actress: Carter (8 episodes 2022),Vegetarian,Varcolac
William Houston,actor/actress: Joseph Crackstone (8 episodes 2022),Apt sa manance orice,Varcolac
Karina Varadi,actor/actress: Wednesday (6yo)  (8 episodes 2022),Flexitarian,Clarvazator
Rina Mahoney,actor/actress: Janet Ottinger (8 episodes 2022),Apt sa manance orice,Clarvazator
Georgia Goodman,actor/actress: Sue Ottinger (8 episodes 2022),Vegetarian,Varcolac
Murray McArthur,actor/actress: Fabian (8 episodes 2022),Flexitarian,Sirena
Fred Armisen,actor/actress: Uncle Fester (8 episodes 2022),Vegetarian,Om
Luis Guzm�n,actor/actress: Gomez Addams (8 episodes 2022),Apt sa manance orice,Varcolac
Olimpia Malai,actor/actress: The Minister (8 episodes 2022),Flexitarian,Vampir
Isaac Ordonez,actor/actress: Pugsley Addams (8 episodes 2022),Flexitarian,Varcolac
Nitin Ganatra,actor/actress: Dr. Anwar (8 episodes 2022),Apt sa manance orice,Clarvazator
Lucius Hoyos,actor/actress: Young Gomez (8 episodes 2022),Vegetarian,Clarvazator
Cheherezade Valentine Okotaka Ebale,actor/actress: Lou-Anne Walker (8 episodes 2022),Vegetarian,Clarvazator
Oliver Wickham,actor/actress: Young Larissa Weems (8 episodes 2022),Flexitarian,Sirena
Edward Kennedy,actor/actress: MC Blood Suckaz (8 episodes 2022),Apt sa manance orice,Sirena
Ismail Kesu,actor/actress: Young Sheriff Walker (8 episodes 2022),Apt sa manance orice,Clarvazator
Caroline Lawrie,actor/actress: Martha (8 episodes 2022),Vegetarian,Clarvazator
Lachele Carl,actor/actress: Agnes (8 episodes 2022),Vegetarian,Clarvazator
Gwen Jones,actor/actress: Young Morticia Addams (8 episodes 2022),Apt sa manance orice,Varcolac
Lisa O'Hare,actor/actress: Arlene (8 episodes 2022),Flexitarian,Sirena
Sophia Nomvete,actor/actress: Connie Jorgensen (8 episodes 2022),Apt sa manance orice,Varcolac
Ichir� Y�ki,actor/actress: Kenichi Tanaka (8 episodes 2022),Flexitarian,Om
Amanda Drew,actor/actress: Esther Sinclair (8 episodes 2022),Apt sa manance orice,Om
Ryan Ellsworth,actor/actress: Murray Sinclair (8 episodes 2022),Apt sa manance orice,Varcolac
Gloria Garcia,actor/actress: Goody's Mom (8 episodes 2022),Apt sa manance orice,Om
Gracy Goldman,actor/actress: Gabrielle (8 episodes 2022),Flexitarian,Sirena
Lewis Hayes,actor/actress: Garett Gates (8 episodes 2022),Apt sa manance orice,Clarvazator
Philip Rosch,actor/actress: Ansel Gates (8 episodes 2022),Flexitarian,Clarvazator
Michael Okele,actor/actress: Morga(uncredited) (8 episodes 2022),Flexitarian,Om
Chloe Cate,actor/actress: Studen(uncredited) (8 episodes 2022),Flexitarian,Om
Tim Burton,director (4 episodes 2022),Flexitarian
James Marshall,director (2 episodes 2022),Apt sa manance orice
Gandja Monteiro,director (2 episodes 2022),Flexitarian
Charles Addams,based on characters created by (8 episodes 2022),Apt sa manance orice
Alfred Gough,writer  (4 episodes 2022),Flexitarian
Miles Millar,writer  (4 episodes 2022),Apt sa manance orice
Kayla Alpert,writer  (2 episodes 2022),Vegetarian
April Blair,writer  (2 episodes 2022),Vegetarian
Matt Lambert,writer  (1 episodes 2022),Flexitarian
Kayla Alpert,executive producer (8 episodes 2022),Flexitarian
Gail Berman,executive producer (8 episodes 2022),Apt sa manance orice
Tim Burton,executive producer (8 episodes 2022),Vegetarian
Jonathan Glickman,executive producer (8 episodes 2022),Vegetarian
Carla Gonz�lez Vargas,co-executive producer (8 episodes 2022),Vegetarian
Alfred Gough,executive producer (8 episodes 2022),Apt sa manance orice
Tommy Harper,executive producer (8 episodes 2022),Flexitarian
Nick Iannelli,co-producer (8 episodes 2022),Vegetarian
Kevin Lafferty,executive producer (8 episodes 2022),Flexitarian
Miles Millar,executive producer (8 episodes 2022),Vegetarian
David Minkowski,co-executive producer (8 episodes 2022),Apt sa manance orice
Kevin Miserocchi,executive producer (8 episodes 2022),Vegetarian
Andrew Mittman,executive producer (8 episodes 2022),Vegetarian
Carmen Pepelea,producer (8 episodes 2022),Vegetarian
Steve Stark,executive producer (8 episodes 2022),Flexitarian
Natalie Testa,associate producer (8 episodes 2022),Flexitarian
Todd Williams,co-executive producer (8 episodes 2022),Vegetarian
Chris Bacon,music (7 episodes 2022),Vegetarian
Danny Elfman,music (4 episodes 2022),Vegetarian
Stephan Pehrsson,cinematography (4 episodes 2022),Vegetarian
David Lanzenberg,cinematography (4 episodes 2022),Flexitarian
Ana Yavari,film editing (4 episodes 2022),Vegetarian
Jay Prychidny,film editing (4 episodes 2022),Flexitarian
Paul G. Day,film editing (1 episode 2022),Vegetarian
Florina Fernandes,casting (8 episodes 2022),Flexitarian
Sophie Holland,casting (8 episodes 2022),Flexitarian
John Papsidera,casting (8 episodes 2022),Flexitarian
Mark Scruton,production design (8 episodes 2022),Flexitarian
Adrian Curelea,supervising art director (8 episodes 2022),Flexitarian
Ghinea Diana,art direction (8 episodes 2022),Apt sa manance orice
Silvia Nancu,art direction (8 episodes 2022),Vegetarian
Andrei-Florian Popa,assistant art director / additional standby art director (8 episodes 2022),Vegetarian
Serban Porupca,senior art director (8 episodes 2022),Flexitarian
Vlad Roseanu,on-set art director / art director (8 episodes 2022),Apt sa manance orice
Roxana Alexandru,art direction (3 episodes 2022),Vegetarian
Carmen Ratoi,art direction (3 episodes 2022),Flexitarian
Laurentiu Zarnoianu,set direction (8 episodes 2022),Flexitarian
David Morison,set direction (4 episodes 2022),Flexitarian
Rob Hepburn,set direction (4 episodes 2022),Apt sa manance orice
Colleen Atwood,costume design (8 episodes 2022),Vegetarian
Bianca Boeroiu,makeup artist (8 episodes 2022),Flexitarian
Catalin Ciutu,hair stylist supervisor: crowd (8 episodes 2022),Flexitarian
Natalie L Costello,special makeup effects artist (8 episodes 2022),Apt sa manance orice
Julian Hutcheson,special makeup effects artist (8 episodes 2022),Vegetarian
Nirvana Jalalvand,hair & makeup artist: main team (8 episodes 2022),Apt sa manance orice
Grace McComisky,prosthetic artist / prosthetic makeup artist (8 episodes 2022),Vegetarian
Tara McDonald,hair & makeup designer (8 episodes 2022),Flexitarian
Dominic Mombrun,dental effects designer & fabricator (8 episodes 2022),Apt sa manance orice
Angela Ruiz Morales,prosthetics artist (8 episodes 2022),Flexitarian
Paraschiv Oana,makeup artist (8 episodes 2022),Apt sa manance orice
Alexandru Sassu,assistant makeup artist (8 episodes 2022),Vegetarian
Bas Schwarz,special effects makeup artist: mouldmaker & props (8 episodes 2022),Vegetarian
Rub�n Serra,special makeup effects artist (8 episodes 2022),Flexitarian
Margo Stefan,hair stylist (8 episodes 2022),Flexitarian
Viktoria Stieber,prosthetic makeup artist (8 episodes 2022),Vegetarian
Sinead Sweeney,SFX contact lens coordinator (8 episodes 2022),Vegetarian
Iuliana Temelie,hair stylist (8 episodes 2022),Vegetarian
Clara Tudose,hair & makeup artist (8 episodes 2022),Apt sa manance orice
Raquel �lvarez,prosthetic makeup sculptor (8 episodes 2022),Apt sa manance orice
Freda Ellis,makeup supervisor (6 episodes 2022),Apt sa manance orice
Ripley Dale-Gulston,junior hair & makeup artist (6 episodes 2022),Apt sa manance orice
Olimpia Stoicea,hair & makeup artist: main team (6 episodes 2022),Flexitarian
Tia Costell,junior hair & makeup artist (4 episodes 2022),Apt sa manance orice
Susan Cole,personal hair stylist: Luis Guzman (4 episodes 2022),Vegetarian
Jean Carlos de Blas,key hair & makeup artist (4 episodes 2022),Flexitarian
Gabriella Havens,makeup artist (3 episodes 2022),Vegetarian
Sheherezada Kouchaki,makeup artist (4 episodes 2022),Flexitarian
Raluca Moldoveanu,makeup artist (4 episodes 2022),Vegetarian
Andrea Dardea Tesdall,special makeup effects artist (3 episodes 2022),Flexitarian
Nicoleta Toader,hair stylist: cast (4 episodes 2022),Flexitarian
Natalie Fox,additional hair & makeup artist (2 episodes 2022),Vegetarian
Niki De Jong,prosthetic makeup artist (1 episode 2022),Vegetarian
Ionel Popa,special makeup effects artist (1 episode 2022),Flexitarian
Athina Sapanidis,prosthethic makeup artist (1 episode 2022),Flexitarian
Razvan Badea,unit production manager / production manager (8 episodes 2022),Flexitarian
Irene Iovan Calangiu,health & safety unit production manager: covid (8 episodes 2022),Apt sa manance orice
Alexandru Cseh,production manager: second unit (8 episodes 2022),Apt sa manance orice
Emma Mallett,unit production manager: additional photography (1 episode 2022),Apt sa manance orice
Alexandru Acsinte,assistant director (8 episodes 2022),Apt sa manance orice
Emilie Balusson,second second assistant director / co-second assistant director (8 episodes 2022),Vegetarian
Bianca Bumbacea,assistant director (8 episodes 2022),Apt sa manance orice
Simona Dinu,second assistant director (8 episodes 2022),Flexitarian
Mariana Grama,crowd second assistant director (8 episodes 2022),Apt sa manance orice
Mircea Hategan,first assistant director (8 episodes 2022),Apt sa manance orice
Stefania Ispas,trainee assistant director (8 episodes 2022),Apt sa manance orice
Loyzo,third assistant director (8 episodes 2022),Vegetarian
Raphael Tudor,third assistant director (8 episodes 2022),Flexitarian
Costin Sforaru,assistant director (7 episodes 2022),Flexitarian
Sabina Balan,crowd first assistant director (6 episodes 2022),Flexitarian
Brett Chan,second unit director (6 episodes 2022),Vegetarian
Ada Dumitru,cast assistant (6 episodes 2022),Flexitarian
Emyr Glyn Rees,second assistant director / first assistant director (6 episodes 2022),Vegetarian
Jessica Kirec,second assistant director (4 episodes 2022),Apt sa manance orice
George Walker,first assistant director (4 episodes 2022),Apt sa manance orice
Richard O'Brien-Moran,first assistant director (2 episodes 2022),Flexitarian
Mihaela Ionita,second assistant director (2 episodes 2022),Apt sa manance orice
Alexandra Popa,crowd second assistant director (1 episode 2022),Vegetarian
Alexandru Trandafira,crowd assistant director (2 episodes 2022),Flexitarian
Sucioaia Alexandra,set dressing painter (8 episodes 2022),Vegetarian
Tache Alexandru,graphic designer (8 episodes 2022),Vegetarian
Corneliu Mihai Bonciu,sculptor (8 episodes 2022),Apt sa manance orice
Rachel Garlick,storyboard artist (8 episodes 2022),Flexitarian
Florin Gavrila,lead set dressing painter (8 episodes 2022),Vegetarian
Adi Handac,property master (8 episodes 2022),Flexitarian
Dana Ilie,art department manager (8 episodes 2022),Apt sa manance orice
Alexandru Titus Ipate,action vehicles supervisor (8 episodes 2022),Flexitarian
Simona Maican,art department coordinator (8 episodes 2022),Flexitarian
Cristian Mihaila,assistant set decorator / set decoration buyer (8 episodes 2022),Vegetarian
Cosmin Miroiu,head of greenery (8 episodes 2022),Vegetarian
Amalia Mititelu,set dressing painter (8 episodes 2022),Flexitarian
Pietro Nume,concept artist (8 episodes 2022),Flexitarian
Iulia Petrescu,assistant set decorator (8 episodes 2022),Vegetarian
Madalina Ripanu,clearance coordinator (8 episodes 2022),Vegetarian
Geaniloni Sandru,lead painter (8 episodes 2022),Vegetarian
Eusebiu Sirbu,head graphic designer (8 episodes 2022),Apt sa manance orice
Cristina Stefan,graphic designer (8 episodes 2022),Apt sa manance orice
Alexandra Tudor,assistant art director (8 episodes 2022),Vegetarian
Laurentiu Zarnoianu,leadman (8 episodes 2022),Vegetarian
Liviu Antonescu,graphic designer (6 episodes 2022),Vegetarian
Madalina Ciosu,set designer (6 episodes 2022),Flexitarian
Tudor Iordachescu,set designer (6 episodes 2022),Apt sa manance orice
Anca Iscru,set designer (6 episodes 2022),Apt sa manance orice
Ana Neag,assistant art director (6 episodes 2022),Apt sa manance orice
Iulia Pasarica,assistant art director (6 episodes 2022),Flexitarian
Andreea Siminea,set designer (6 episodes 2022),Vegetarian
Amy Lockwood,assistant set decorator (4 episodes 2022),Vegetarian
Andrew Cherry,storyboard artist (3 episodes 2022),Flexitarian
Cristian Darstar,storyboard artist (3 episodes 2022),Vegetarian
Adrian Curelea,supervising art director (2 episodes 2022),Vegetarian
Serban Porupca,senior art director (2 episodes 2022),Vegetarian
Radu Costache,assistant property master (1 episode 2022),Vegetarian
Jennifer Keen,first set decoration buyer (1 episode 2022),Vegetarian
Karen Krizanovich,production design researcher (1 episode 2022),Flexitarian
Ben Livingstone,illustrator (1 episode 2022),Flexitarian
Yohann Angelvy,french casting mixer (8 episodes 2022),Apt sa manance orice
Michael Baskerville,re-recording mixer (8 episodes 2022),Flexitarian
Nicolae Comarzan,sound mixer: second unit (8 episodes 2022),Vegetarian
Tony Diaz,adr mixer (8 episodes 2022),Flexitarian
Arturo A. Fuenmayor,re-recording mix assistant / additional re-recording mixer (8 episodes 2022),Vegetarian
Alastair Gray,dialogue editor (8 episodes 2022),Vegetarian
Justin Helle,foley mixer (8 episodes 2022),Vegetarian
John Loranger,supervising sound editor (8 episodes 2022),Vegetarian
Liviu Lupsa,sound mixer (8 episodes 2022),Flexitarian
Kristi McIntyre,adr editor / sound effects editor (8 episodes 2022),Apt sa manance orice
Sean Miller,adr recordist (8 episodes 2022),Flexitarian
Faustine Pelipel,assistant sound editor (8 episodes 2022),Flexitarian
Dan Sexton,sound effects editor (8 episodes 2022),Vegetarian
Alex Stylianou,adr recordist (8 episodes 2022),Vegetarian
Jamie Sulek,re-recording mixer (8 episodes 2022),Vegetarian
Mike Tehrani,adr mixer (8 episodes 2022),Apt sa manance orice
Marcus Byrne,adr mixer (7 episodes 2022),Flexitarian
Greg Crawford,adr mixer (7 episodes 2022),Vegetarian
Juan Martin Del Campo,adr mixer (7 episodes 2022),Vegetarian
Tim McKeever,adr mixer (7 episodes 2022),Apt sa manance orice
Simon Diggins,adr mixer (6 episodes 2022),Vegetarian
Jonathan Gomez,adr mixer (4 episodes 2022),Apt sa manance orice
Nathan Jackson,foley editor (1 episode 2022),Vegetarian
William Kellerman,foley artist (1 episode 2022),Apt sa manance orice
Leslie Liu,adr mixer (2 episodes 2022),Flexitarian
Ana Quiroga,audio coordinator (uncredited) (8 episodes 2022),Vegetarian
Dan Barcutean,special effects technician (8 episodes 2022),Apt sa manance orice
Max Costello,special effects technician (7 episodes 2022),Apt sa manance orice
Florin Stoian,special effects technician (8 episodes 2022),Apt sa manance orice
Harry Troughton,special effects coordinator (8 episodes 2022),Flexitarian
Jason Troughton,special effects supervisor (8 episodes 2022),Flexitarian
Adrian Nica,lead technician (4 episodes 2022),Flexitarian
Ilinca Angelescu,special effects makeup (1 episode 2022),Vegetarian
Yovko Dogandjiiski,special effects supervisor (2 episodes 2022),Apt sa manance orice
Antonia Tocheva,special effects office coordinator (2 episodes 2022),Vegetarian
Matthew Adams,digital compositor: Ghost VFX Toronto (8 episodes 2022),Flexitarian
Oana Bardan,visual effects coordinator (8 episodes 2022),Flexitarian
Craig Calvert,visual effects supervisor: Mr. X (8 episodes 2022),Vegetarian
Kevin Chandoo,head of studio: Ghost VFX Toronto (8 episodes 2022),Flexitarian
Nick Colangelo,visual effects producer: Mr. X (8 episodes 2022),Apt sa manance orice
John Coldrick,visual effects supervisor: Rocket Science VFX (8 episodes 2022),Apt sa manance orice
Sam Cole,lighting lead: Mr. X (8 episodes 2022),Flexitarian
Chris Cooper,cg supervisor: Mr. X (8 episodes 2022),Apt sa manance orice
Roger Dalupang,lead render wrangler/pipeline td (8 episodes 2022),Flexitarian
Swedyl DSouza,visual effects production manager (8 episodes 2022),Flexitarian
Maxime Ducharme,visual effects artist: MELS (2 episodes 2022),Apt sa manance orice
Paula Fanaia,digital compositor: Ghost VFX Toronto (8 episodes 2022),Vegetarian
Mariah Fleetham,visual effects production assistant: Take 5 VFX (8 episodes 2022),Vegetarian
Kathryn Foster,visual effects editor: Ghost VFX Toronto (8 episodes 2022),Flexitarian
Ben Funk,lead compositor: Take 5 VFX (8 episodes 2022),Flexitarian
Keith Goh,visual effects assistant editor: MPC (8 episodes 2022),Flexitarian
Kari-Lyn Gravel,visual effects associate line producer: Stereo D (8 episodes 2022),Vegetarian
Jon Howard,visual effects producer: Ghost VFX Toronto (6 episodes 2022),Vegetarian
Kent Johnson,visual effects producer (8 episodes 2022),Apt sa manance orice
Anna Joukova,compositor: Take 5 VFX / visual effects compositor: Take 5 VFX (8 episodes 2022),Flexitarian
Jesse Kawzenuk,on-set visual effects supervisor (8 episodes 2022),Flexitarian
Grant Lee,visual effects supervisor: Stereo D (8 episodes 2022),Flexitarian
Jake Lunt Davies,concept design (8 episodes 2022),Vegetarian
Dumitrana Teodora Lupu,visual effects production assistant (8 episodes 2022),Vegetarian
Amy Madigan,visual effects production manager: Stereo D (8 episodes 2022),Apt sa manance orice
Yael Majors,visual effects assistant supervisor: Stereo D (3 episodes 2022),Vegetarian
Mariano Mendoza,assets lead: Mr. X (8 episodes 2022),Flexitarian
Guillermo Molina,lead tools developer (8 episodes 2022),Vegetarian
Skye Morandin,visual effects production manager: Stereo D (8 episodes 2022),Apt sa manance orice
Tom Nagy,animation supervisor: Mr. X (8 episodes 2022),Flexitarian
Ken Nielsen,compositing supervisor: Ghost VFX Toronto (8 episodes 2022),Apt sa manance orice
Razvan Nineaca,data wrangler (8 episodes 2022),Apt sa manance orice
Anthony O'Connell,Render Wrangler (8 episodes 2022),Vegetarian
Catalin Otelea,data wrangler (8 episodes 2022),Apt sa manance orice
Matei Ovejan,data wrangler (8 episodes 2022),Flexitarian
Alessandro Pantanella,visual effects supervisor: Ghost VFX Toronto (8 episodes 2022),Apt sa manance orice
Travis Pond,compositor: Take 5 VFX (8 episodes 2022),Vegetarian
Yawar Raja,layout lead: Mr. X (8 episodes 2022),Flexitarian
Aditya Sawant,visual effects coordinator: Ghost VFX Toronto (8 episodes 2022),Apt sa manance orice
Matt Schofield,vfx head of operations (8 episodes 2022),Apt sa manance orice
Ksenia Shutova,compositor: Take 5 VFX (8 episodes 2022),Apt sa manance orice
Mark Simone,visual effects producer: Stereo D (8 episodes 2022),Apt sa manance orice
Denis St-Pierre,compositor: Take 5 VFX (8 episodes 2022),Apt sa manance orice
Ryan Terk,Senior Visual Effects Coordinator / visual effects coordinator: MELS (8 episodes 2022),Vegetarian
Jason Teske,rigging lead: Mr. X (8 episodes 2022),Flexitarian
Tom Turnbull,visual effects supervisor (8 episodes 2022),Vegetarian
Fabi�n Varela,visual effects producer: Ghost VFX Toronto (8 episodes 2022),Vegetarian
Kelly Weisz,visual effects studio manager: Take 5 VFX (8 episodes 2022),Flexitarian
Angela Zhang,visual effects production manager: Mr. X (8 episodes 2022),Vegetarian
Kayden Anderson,visual effects producer: Rocket Science VFX (7 episodes 2022),Flexitarian
Eddie Englander,visual effects supervisor: Monsters Aliens Robots Zombies (2 episodes 2022),Flexitarian
Rashid Khallouk,compositing lead: Mr. X (6 episodes 2022),Apt sa manance orice
Timothy Mah,visual effects editor: Rocket Science VFX (7 episodes 2022),Flexitarian
Michael Osuszek,visual effects coordinator: Rocket Science VFX (7 episodes 2022),Flexitarian
Rodrigo Paiva,compositing lead: Monsters Aliens Robots Zombies (1 episode 2022),Apt sa manance orice
Suresh Pandi,lead compositor: Rocket Science VFX / compositor: Rocket Science VFX (7 episodes 2022),Vegetarian
Francois Robert,matchmove/layout artist: MELS (3 episodes 2022),Apt sa manance orice
Adam Smith,lead compositor: Rocket Science VFX (7 episodes 2022),Flexitarian
Sarvesh Amre,visual effects production manager: NetFX Mumbai (6 episodes 2022),Vegetarian
Beno�t Bri�re,visual effects supervisor: MELS (6 episodes 2022),Flexitarian
Paul Chambers,assets supervisor: Monsters Aliens Robots Zombies (1 episode 2022),Flexitarian
Dipak Gaur,digital compositor: Ghost VFX Toronto (6 episodes 2022),Flexitarian
Taraknath Ghosh,paint artist: Stereo D (5 episodes 2022),Flexitarian
Baz Lanaris,cg supervisor: MELS (6 episodes 2022),Apt sa manance orice
Prateek Mishra,paint artist: Stereo D (5 episodes 2022),Vegetarian
Erin Nicholson,cg supervisor: Ghost VFX Toronto (6 episodes 2022),Vegetarian
Bikram Singh,paint artist: Stereo D (5 episodes 2022),Flexitarian
Khushroo Surveyor,visual effects lighter: Rocket Science VFX (5 episodes 2022),Flexitarian
Ramesh Kumar Yanagandhula,paint artist: Stereo D (5 episodes 2022),Apt sa manance orice
Lynx Zuo,digital compositor: Ghost VFX Toronto (6 episodes 2022),Flexitarian
Patti Gannon,compositor: Take 5 VFX (4 episodes 2022),Flexitarian
Tanya Haddad,visual effects producer: Folks VFX (5 episodes 2022),Vegetarian
JoAnna Johnson,compositor: Rocket Science VFX (4 episodes 2022),Apt sa manance orice
Luca Lim Diniz,visual effects artist: MELS (4 episodes 2022),Flexitarian
Brodie McNeill,visual effects supervisor: Folks VFX (5 episodes 2022),Flexitarian
Tabata Ortiz,visual effects artist: MELS (4 episodes 2022),Vegetarian
Nishant Patel,visual effects lighter: Rocket Science VFX (1 episode 2022),Vegetarian
Umapathy Rajarathinam,compositor: Rocket Science VFX (4 episodes 2022),Flexitarian
Genesis Rivas,compositor: Take 5 VFX (4 episodes 2022),Flexitarian
Manish Rohith,compositing artist: Monsters Aliens Robots Zombies (1 episode 2022),Vegetarian
Luca Gabriele Rossetti,digital matte painter/environment supervisor: Monsters Aliens Robots Zombies (1 episode 2022),Flexitarian
Salil Thapa,visual effects line producer: NetFX Mumbai (5 episodes 2022),Flexitarian
Fran�ois Trudel,visual effects artist: MELS / visual effects supervisor: MELS (4 episodes 2022),Vegetarian
Wesley While,compositor: Take 5 VFX (5 episodes 2022),Apt sa manance orice
Kaylie Whitcher,visual effects producer: Folks VFX (5 episodes 2022),Apt sa manance orice
Sarah Wormsbecher,visual effects executive producer: Folks VFX (5 episodes 2022),Vegetarian
Summer Zong,cg supervisor: Folks VFX (5 episodes 2022),Apt sa manance orice
Oksana Andrulis,visual effects production manager: Folks VFX / animation coordinator: Folks VFX (3 episodes 2022),Flexitarian
David Dionne,visual effects artist: MELS (2 episodes 2022),Apt sa manance orice
Josh George,fx lead: Folks VFX (3 episodes 2022),Flexitarian
James Takashi Higuchi,lighting supervisor: Monsters Aliens Robots Zombies (1 episode 2022),Apt sa manance orice
Christopher Jude,compositor: Rocket Science VFX (3 episodes 2022),Vegetarian
Jos� Lasa,compositor: Rocket Science VFX / visual effects lighter: Rocket Science VFX (3 episodes 2022),Vegetarian
Marco Lee,compositing supervisor: Folks VFX (3 episodes 2022),Flexitarian
Dinaaz Mathur,visual effects production coordinator: NetFX Mumbai (4 episodes 2022),Vegetarian
Ben McDougal,surfacing lead: Monsters Aliens Robots Zombies (4 episodes 2022),Vegetarian
Sumit Mukherjee,paint supervisor: NetFX Mumbai (4 episodes 2022),Vegetarian
Isha Nigam,head of production: NetFX Mumbai (4 episodes 2022),Flexitarian
Ryan Jae Wook Park,layout supervisor: Folks VFX (3 episodes 2022),Vegetarian
Gustavo Sanchez-Perez,fx supervisor: Monsters Aliens Robots Zombies (1 episode 2022),Flexitarian
Kyle Sim,head of 2d: Folks VFX (4 episodes 2022),Flexitarian
Pankaj Umbarkar,junior paint lead: NetFX Mumbai (4 episodes 2022),Flexitarian
Sahil Agrahari,junior paint artist: NetFX Mumbai (2 episodes 2022),Apt sa manance orice
Chris Archinet,visual effects artist: MELS (2 episodes 2022),Vegetarian
Ajay Kumar Attinti,roto lead: NetFX Mumbai (3 episodes 2022),Vegetarian
Samuel Boisvert,visual effects artist: MELS (2 episodes 2022),Vegetarian
Reine Bourgault,visual effects artist: MELS (2 episodes 2022),Flexitarian
Aakash Chaudhari,roto artist: NetFX Mumbai (2 episodes 2022),Vegetarian
Dave David,animation artist: Monsters Aliens Robots Zombies (1 episode 2022),Apt sa manance orice
Amod Diwakar,assistant visual effects line producer: Stereo D / visual effects assistant line producer: Stereo D (3 episodes 2022),Flexitarian
Nadine Fr�ve,lead visual effects editor: Folks VFX / visual effects editor: Folks VFX (2 episodes 2022),Flexitarian
Mark Goldberg,compositor (2 episodes 2022),Vegetarian
Leonardo Andres Grabau Villalba,visual effects artist: MELS (2 episodes 2022),Vegetarian
Jonathan Gr�goire,visual effects artist: MELS (3 episodes 2022),Apt sa manance orice
Jeanne Hebert,visual effects artist: MELS (2 episodes 2022),Flexitarian
Pravin Hodage,2d supervisor: NetFX Mumbai (2 episodes 2022),Vegetarian
Cory Humes,animation supervisor: Folks VFX (3 episodes 2022),Apt sa manance orice
Siddarth Jambhulkar,compositor: Rocket Science VFX (2 episodes 2022),Flexitarian
Mukesh Joshi,senior i/o coordinator: NetFX Mumbai (2 episodes 2022),Vegetarian
Simon Lecavalier,cg supervisor: MELS (2 episodes 2022),Flexitarian
Christophe Longtin,visual effects artist: MELS (2 episodes 2022),Apt sa manance orice
Oleg Memukhin,fx supervisor: Folks VFX (3 episodes 2022),Flexitarian
Waseem Mohammed,head of central production: Monsters Aliens Robots Zombies (2 episodes 2022),Apt sa manance orice
Dany Richard,visual effects artist: MELS (2 episodes 2022),Flexitarian
Nisarg Suthar,lighting supervisor: Folks VFX (3 episodes 2022),Flexitarian
Nitesh Sutrave,compositing supervisor: NetFX Mumbai (3 episodes 2022),Vegetarian
Sarvesh Talekar,roto artist: NetFX Mumbai (2 episodes 2022),Vegetarian
Himani Tyagi,junior paint artist: NetFX Mumbai (2 episodes 2022),Flexitarian
Waseem Ahmad Khan,paint artist: Stereo D (1 episode 2022),Vegetarian
Rodrigo Albano,environment artist: Monsters Aliens Robots Zombies (1 episode 2022),Vegetarian
Don Carlo Alvir,animation artist: Monsters Aliens Robots Zombies (1 episode 2022),Flexitarian
Leanndro Amorim,compositing artist: Monsters Aliens Robots Zombies (1 episode 2022),Vegetarian
Seshadri Anand,tracking/layout lead: Monsters Aliens Robots Zombies (1 episode 2022),Flexitarian
Blake Anderson,visual effects supervisor: VFX Legion (1 episode 2022),Vegetarian
Schuyler Anderson,tracking/layout lead: Monsters Aliens Robots Zombies (1 episode 2022),Vegetarian
Edwin Arismendez,visual effects artist: MELS (2 episodes 2022),Apt sa manance orice
Jessica Bayliss,head of production: Monsters Aliens Robots Zombies (2 episodes 2022),Apt sa manance orice
Sudhakar Bhavanasi,deputy manager: Stereo D (1 episode 2022),Apt sa manance orice
Alan Bisht,compositing artist: NetFX Mumbai (1 episode 2022),Vegetarian
William Blanchette,visual effects artist: MELS (1 episode 2022),Vegetarian
Jordan Boulais,visual effects artist: MELS (2 episodes 2022),Flexitarian
J. Alan Bradshaw,head of cg: Monsters Aliens Robots Zombies (2 episodes 2022),Vegetarian
Peter Braeley,digital matte painter: Folks VFX (1 episode 2022),Flexitarian
Charlotte Breton,visual effects editor: Folks VFX (1 episode 2022),Vegetarian
Alex Bronfman,sales lead: Monsters Aliens Robots Zombies (2 episodes 2022),Flexitarian
Jonathan Bronfman,head of studio: Monsters Aliens Robots Zombies (2 episodes 2022),Flexitarian
Dennis Chan,animation artist: Monsters Aliens Robots Zombies (1 episode 2022),Flexitarian
Hardik Chauhan,senior compositing artist: NetFX Mumbai (1 episode 2022),Flexitarian
Molly Chen,assets artist: Monsters Aliens Robots Zombies (1 episode 2022),Apt sa manance orice
Sujesh V. Chitty,concept artist: Folks VFX (1 episode 2022),Vegetarian
Nolan Conrad,digital compositor: VFX Legion (1 episode 2022),Flexitarian
Andr�s Couturier,graphic artist: VFX Legion (1 episode 2022),Apt sa manance orice
Madhu Dasyapu,assistant roto supervisor: Stereo D (1 episode 2022),Vegetarian
Rodrigo de Angelis,fx artist: Monsters Aliens Robots Zombies (1 episode 2022),Apt sa manance orice
Sofia Diaz,lighting artist: Monsters Aliens Robots Zombies (1 episode 2022),Apt sa manance orice
Maya Dumont-Deslandes,visual effects studio manager: MELS (1 episode 2022),Flexitarian
Abdullah Ecirli,compositing artist: Monsters Aliens Robots Zombies (1 episode 2022),Apt sa manance orice
Manoj Kumar Elangovan,tracking & layout artist: Monsters Aliens Robots Zombies (1 episode 2022),Apt sa manance orice
Michael Enzbrunner,animation lead: Monsters Aliens Robots Zombies (1 episode 2022),Vegetarian
Timothy Fleur,creature artist: Monsters Aliens Robots Zombies (1 episode 2022),Vegetarian
Adam Fok,rigging lead: Monsters Aliens Robots Zombies (1 episode 2022),Vegetarian
Gil Franco,assets artist: Monsters Aliens Robots Zombies (1 episode 2022),Flexitarian
Emily Funk,assets artist: Monsters Aliens Robots Zombies (1 episode 2022),Vegetarian
Antonio Gallardo,visual effects producer: VFX Legion (1 episode 2022),Vegetarian
Gregory Galliani,modeling lead: Monsters Aliens Robots Zombies (1 episode 2022),Flexitarian
Igor Garanovschii,matte painter: Rocket Science VFX (1 episode 2022),Apt sa manance orice
Kunal Ghai,paint artist: Stereo D (1 episode 2022),Apt sa manance orice
Rakan Ghresi,fx artist: Monsters Aliens Robots Zombies (1 episode 2022),Apt sa manance orice
Jimmy Gill,animation artist: Monsters Aliens Robots Zombies (1 episode 2022),Apt sa manance orice
Yash Gowda,head of 2d: Monsters Aliens Robots Zombies (2 episodes 2022),Apt sa manance orice
Jameer Haider,paint artist: NetFX Mumbai (1 episode 2022),Apt sa manance orice
Lewis Hawkes,rigging lead: Monsters Aliens Robots Zombies (1 episode 2022),Flexitarian
Jim Hillin,visual effects lighter Ghost VFX Toronto (1 episode 2022),Apt sa manance orice
Curtis Hsiung,animator: Rocket Science VFX (2 episodes 2022),Vegetarian
Chen Kuang Hsu,tracking & layout artist: Monsters Aliens Robots Zombies (1 episode 2022),Flexitarian
Salvatore Iamonte,rigging artist: Monsters Aliens Robots Zombies (1 episode 2022),Apt sa manance orice
Pragati Jana,paint artist: Stereo D (1 episode 2022),Vegetarian
Juyong Jeon,visual effects artist (2 episodes 2022),Flexitarian
Kenny Jia,digital matte painter lead: Monsters Aliens Robots Zombies (1 episode 2022),Flexitarian
Laszlo Kalbache,asset artist: Rocket Science VFX (1 episode 2022),Vegetarian
Ashraf Karim,senior compositing artist: NetFX Mumbai (1 episode 2022),Apt sa manance orice
Sharad Kate,paint artist: Stereo D (1 episode 2022),Apt sa manance orice
Min Kim,compositing supervisor: Folks VFX (2 episodes 2022),Apt sa manance orice
Jamie Knoop,visual effects production assistant: Stereo D (1 episode 2022),Flexitarian
Ashwini Lad,visual effects administrator: Stereo D (1 episode 2022),Flexitarian
Nadege Lagueux-Beloin,visual effects artist: MELS (1 episode 2022),Vegetarian
Tukaram Landbale,roto artist: NetFX Mumbai (1 episode 2022),Flexitarian
Dany Lebrasseur,visual effects artist: MELS (1 episode 2022),Flexitarian
Kate T.C. Lin,digital compositor: VFX Legion (1 episode 2022),Apt sa manance orice
Matthias Lowry,digital compositor: VFX Legion (1 episode 2022),Apt sa manance orice
Jimmy Lue,visual effects coordinator: Folks VFX (1 episode 2022),Vegetarian
Jim Maxwell,matte painter: Take 5 VFX (2 episodes 2022),Vegetarian
Jay Mehta,paint artist: NetFX Mumbai (1 episode 2022),Vegetarian
Kristine Middlemiss,head of technology: Monsters Aliens Robots Zombies (2 episodes 2022),Apt sa manance orice
Ali Mio,visual effects producer: Rocket Science VFX (2 episodes 2022),Flexitarian
Guto Miranda,compositing artist: Monsters Aliens Robots Zombies (1 episode 2022),Vegetarian
Vashishta Mohit,compositing artist: NetFX Mumbai (1 episode 2022),Vegetarian
Lon Molnar,head of studio: Monsters Aliens Robots Zombies (2 episodes 2022),Apt sa manance orice
Jose Ignacio Narv�ez Monroy,compositing lead: Mr. X (2 episodes 2022),Flexitarian
Atyeb Muneer,compositing artist: Monsters Aliens Robots Zombies (1 episode 2022),Flexitarian
Ganesh Ramdas Nalle,senior roto artist: NetFX Mumbai (1 episode 2022),Vegetarian
Michael Naphan,layout artist: Rocket Science VFX (1 episode 2022),Apt sa manance orice
Marla Oriol,lighting artist: Monsters Aliens Robots Zombies (1 episode 2022),Apt sa manance orice
Daksh Pandya,visual effects artist (2 episodes 2022),Flexitarian
Niki Patterson,data technician: Stereo D (1 episode 2022),Vegetarian
Aravind Pauldurai,compositing artist: Monsters Aliens Robots Zombies (1 episode 2022),Vegetarian
Victor Perez,animation artist: Monsters Aliens Robots Zombies (1 episode 2022),Vegetarian
Navin Pinto,rigging artist: Monsters Aliens Robots Zombies (1 episode 2022),Apt sa manance orice
Norman Ran,fx lead: Rocket Science VFX (1 episode 2022),Flexitarian
Parastu Rezaie,lighting lead: Monsters Aliens Robots Zombies (1 episode 2022),Vegetarian
Jean-Christophe Rodier,rigging artist: Monsters Aliens Robots Zombies (1 episode 2022),Flexitarian
Dmitry Ryabchuk,environment lead: Monsters Aliens Robots Zombies (1 episode 2022),Flexitarian
Maryam Salehi,i/o: MELS (1 episode 2022),Apt sa manance orice
Rajvinder Sandhu,lighting artist: Monsters Aliens Robots Zombies (1 episode 2022),Apt sa manance orice
Eric Sanford,creature lead: Monsters Aliens Robots Zombies (1 episode 2022),Flexitarian
Rohan Sapkal,junior roto artist: NetFX Mumbai (1 episode 2022),Vegetarian
Alexandre Savard-Boisvert,digital compositor (1 episode 2022),Apt sa manance orice
Mark Schreiber,animator (1 episode 2022),Vegetarian
Aryan Sehgal,utility compositor (1 episode 2022),Apt sa manance orice
Ronak Shah,fx lead: Monsters Aliens Robots Zombies (1 episode 2022),Flexitarian
Neelima Sharma,compositor: NetFX Mumbai (1 episode 2022),Apt sa manance orice
Vishal Shitole,i/o coordinator: NetFX Mumbai (1 episode 2022),Vegetarian
Casey Sincic,visual effects producer: Monsters Aliens Robots Zombies (2 episodes 2022),Apt sa manance orice
Lovelesh Singh,compositing artist: NetFX Mumbai (1 episode 2022),Vegetarian
Kalpana Mahapatro Siromani,art director & mattepainting lead (1 episode 2022),Apt sa manance orice
Joseph Soloway,visual effects coordinator: VFX Legion (1 episode 2022),Apt sa manance orice
Meredith Sproul,show coordinator: Monsters Aliens Robots Zombies (1 episode 2022),Apt sa manance orice
Danny Testani,animation artist: Monsters Aliens Robots Zombies (1 episode 2022),Flexitarian
Ali Thaheem,creature artist: Monsters Aliens Robots Zombies (1 episode 2022),Apt sa manance orice
Hyacinthe Thomas,i/o: MELS (1 episode 2022),Flexitarian
Phillip Thomas,animation artist: Monsters Aliens Robots Zombies (1 episode 2022),Vegetarian
Susana Vasquez,visual effects production coordinator: Take 5 VFX (2 episodes 2022),Flexitarian
Marcus Vinicius,i/o: MELS (1 episode 2022),Flexitarian
Louis Vottero,rigging lead: Monsters Aliens Robots Zombies (1 episode 2022),Vegetarian
Tina Vuu,visual effects coordinator: VFX Legion (1 episode 2022),Flexitarian
Tanja Wax,fx artist: Rocket Science VFX (1 episode 2022),Vegetarian
Christina Wise,head of studio: MELS (1 episode 2022),Apt sa manance orice
Jill Wu,digital matte painter: Monsters Aliens Robots Zombies (1 episode 2022),Flexitarian
Alphonso Young,matte painter: Take 5 VFX (2 episodes 2022),Flexitarian
Refo Yovarda,visual effects production assistant: Stereo D (1 episode 2022),Apt sa manance orice
Virpalsinh Zala,compositing artist: Monsters Aliens Robots Zombies (1 episode 2022),Vegetarian
Abin Abraham,assets lead: MPC (uncredited) (8 episodes 2022),Apt sa manance orice
Adrian Bobb,creature artist (uncredited) (8 episodes 2022),Apt sa manance orice
Eddie Bonin,visual effects executive: Netflix (uncredited) (8 episodes 2022),Flexitarian
R�mi Bruschini,pipeline td (uncredited) (8 episodes 2022),Flexitarian
Binod Kumar Das,asset supervisor: MPC (uncredited) (8 episodes 2022),Flexitarian
Tiago Foa,imaging engineer: Mr. X (uncredited) (8 episodes 2022),Flexitarian
Jaime Fok,visual effects editorial lead (uncredited) (8 episodes 2022),Apt sa manance orice
J.P. Giamos,head of production: Rocket Science VFX (uncredited) (8 episodes 2022),Vegetarian
Martin Hesselink,Animation Supervisor (uncredited) (8 episodes 2022),Apt sa manance orice
Rushikesh Chandrashekhar Kamble,3d digital matte painter (uncredited) (8 episodes 2022),Vegetarian
Daniel May,visual effects art direction (uncredited) (8 episodes 2022),Flexitarian
Rachad Meya,lighting supervisor (uncredited) (8 episodes 2022),Apt sa manance orice
Shoupal Panda,texture & lookdev artist (uncredited) (8 episodes 2022),Flexitarian
Josephin Peichl,visual effects coordinator: Netflix (uncredited) (8 episodes 2022),Apt sa manance orice
Rakesh,3d digital matte painter lead (uncredited) (8 episodes 2022),Vegetarian
Kim Rampaul,visual effects coordinator: Netflix (uncredited) (8 episodes 2022),Vegetarian
Saha Saikat,texturing & lookdev artist (uncredited) (7 episodes 2022),Vegetarian
Seema Schere,matte painter: Monsters Aliens Robots Zombies (uncredited) (8 episodes 2022),Vegetarian
Surajit Senapati,3d artist (uncredited) (8 episodes 2022),Flexitarian
Satyendra Sharma,compositor: MPC (uncredited) (8 episodes 2022),Vegetarian
Prathamesh Ashok Waykole,asset artist: MPC (uncredited) (8 episodes 2022),Vegetarian
Dean Wright,visual effects executive: MGM Television (uncredited) (8 episodes 2022),Flexitarian
Dylan Botnarenko,digital matte painter: MPC (uncredited) (6 episodes 2022),Apt sa manance orice
Arjun Jasmeet Chawla,digital compositor: MPC (uncredited) (5 episodes 2022),Flexitarian
Dennis Tae Wook Kim,digital compositor (uncredited) (5 episodes 2022),Vegetarian
Hoss Ghaith,cg supervisor (uncredited) (3 episodes 2022),Apt sa manance orice
Solyi Ha,compositor: Folks VFX (uncredited) (4 episodes 2022),Apt sa manance orice
Caylee Han,compositor: Folks VFX (uncredited) (4 episodes 2022),Flexitarian
Krista Wettlaufer,digital artist (uncredited) (3 episodes 2022),Apt sa manance orice
Christopher Lee Zammit,concept artist (uncredited) (4 episodes 2022),Apt sa manance orice
Felipe Baldo,lighting artist: Folks VFX (uncredited) (3 episodes 2022),Flexitarian
Marc-Antoine Blais,digital compositor (uncredited) (2 episodes 2022),Flexitarian
Adrien Francomme,digital compositor (uncredited) (2 episodes 2022),Apt sa manance orice
Eduardo Gon�alves,digital compositor: Monsters Aliens Robots Zombies (uncredited) (2 episodes 2022),Flexitarian
Alexander Greenberg,senior compositor: Monsters Aliens Robots Zombies (uncredited) (2 episodes 2022),Flexitarian
Prashant Jain,3d digital matte painter (uncredited) (3 episodes 2022),Flexitarian
Hossein Karamian,compositor: Monsters Aliens Robots Zombies (uncredited) (2 episodes 2022),Vegetarian
Giuseppe Motta,creature supervisor (uncredited) (3 episodes 2022),Apt sa manance orice
Chokkarapu Sai Pradeep,visual effects lighting artist (uncredited) (2 episodes 2022),Apt sa manance orice
Pedro Roloff,digital compositor (uncredited) (2 episodes 2022),Flexitarian
Ilija Sazdovski,layout artist (uncredited) (3 episodes 2022),Flexitarian
Jason Schick,digital compositor (uncredited) (2 episodes 2022),Apt sa manance orice
Christa Tazzeo,visual effects executive producer: Rocket Science VFX (uncredited) (3 episodes 2022),Apt sa manance orice
Sekh Batul Ali,visual effects artist (uncredited) (1 episode 2022),Flexitarian
Luca Buonopane,key groom artist: MPC (uncredited) (1 episode 2022),Vegetarian
Julian Fadalti,layout artist (uncredited) (1 episode 2022),Flexitarian
Nitin Garg,senior lookdev artist: Folks VFX (uncredited) (1 episode 2022),Apt sa manance orice
Avinash Kodali,lighting artist (uncredited) (1 episode 2022),Apt sa manance orice
Genevieve Morneau,digital compositor: MELS (uncredited) (1 episode 2022),Flexitarian
Alex Park,matchmove artist: Folks VFX (uncredited) (1 episode 2022),Apt sa manance orice
Evan Roberts,lighting artist (uncredited) (1 episode 2022),Flexitarian
Pavankumar Sagiraju,lighting artist (uncredited) (1 episode 2022),Flexitarian
Yulia Segura,compositor: Folks VFX (uncredited) (1 episode 2022),Vegetarian
Amarjit Singha,3d artist (uncredited) (1 episode 2022),Apt sa manance orice
Brett Chan,stunt coordinator (8 episodes 2022),Flexitarian
Ionut Cotruta,stunt rigger (8 episodes 2022),Apt sa manance orice
Jason Ng,assistant stunt coordinator / cover stunt coordinator (8 episodes 2022),Vegetarian
Jenny Umbhau,stunt double: Jenna Ortega (8 episodes 2022),Apt sa manance orice
Fanel Ursu,stunt rigger (8 episodes 2022),Apt sa manance orice
Andrei Vintileanu,stunt rigger (8 episodes 2022),Flexitarian
Daniel Visan,stunts (8 episodes 2022),Vegetarian
Nailah Johnson,stunt double: Joy Sunday / stunt performer (2 episodes 2022),Apt sa manance orice
Kinga Kives,stunt performer (3 episodes 2022),Flexitarian
Alexandre Lopoka,stunt double: Tommie Earl Jenkins (2 episodes 2022),Apt sa manance orice
Milena Brewster,stunt double: Johnna Dias-Watson (1 episode 2022),Flexitarian
Maxime Coulon,stunt double: Calum Ross (1 episode 2022),Apt sa manance orice
Gabrielle Anne Desy,stunt double: Emma Myers (1 episode 2022),Apt sa manance orice
Victoria Goodman,stunt performer (1 episode 2022),Flexitarian
Daniel Himschoot,stunt double: Percy White (1 episode 2022),Vegetarian
Matt Kennedy,stunt performer (1 episode 2022),Apt sa manance orice
Kaanchana Kerr,stunt performer (2 episodes 2022),Flexitarian
Darlene Pineda,stunt performer (1 episode 2022),Apt sa manance orice
Phedra Syndelle,stunt double: Joy Sunday (1 episode 2022),Vegetarian
Alexandra Vilcsek,stunt performer (1 episode 2022),Flexitarian
Don�t B�nkuti,digital imaging technician: second unit (8 episodes 2022),Vegetarian
Vlad Cioplea,still photographer (8 episodes 2022),Vegetarian
David Dorohoianu,second photography assistant (8 episodes 2022),Flexitarian
Omar Dughouz,second assistant camera: "a" camera (8 episodes 2022),Apt sa manance orice
D�niel Farkas,digital imaging technician (8 episodes 2022),Flexitarian
Robert Fenichiu,electrician / lighting technician (8 episodes 2022),Flexitarian
Cristi Fratoaica,second assistant camera: second unit (8 episodes 2022),Apt sa manance orice
Toni Ilinca,video operator (8 episodes 2022),Apt sa manance orice
Ochiana Ionut,video assist operator (8 episodes 2022),Vegetarian
Andrei Karastanef,second assistant camera: "a" camera (8 episodes 2022),Flexitarian
Brad Larner,first assistant camera: "a" camera (8 episodes 2022),Vegetarian
Tudor Lucaciu,director of photography: second unit (8 episodes 2022),Flexitarian
Radu Marinescu,key grip (8 episodes 2022),Apt sa manance orice
Florin Mihalache,gaffer (8 episodes 2022),Vegetarian
Mihai Adrian Olteanu,best boy electric (8 episodes 2022),Vegetarian
Andrei Petrescu,electrician (8 episodes 2022),Flexitarian
Liviu Pojoni Jr.,camera operator: "b" camera (8 episodes 2022),Apt sa manance orice
Florea Andrei Stefan,dimmerboard operator/lighting console programmer (8 episodes 2022),Flexitarian
Viorel Stefan,crane operator (8 episodes 2022),Vegetarian
Adelina Vancea,camera trainee (8 episodes 2022),Vegetarian
Petre Victor,camera operator: "b" camera (8 episodes 2022),Vegetarian
Rob Arrowsmith,camera operator: "a" camera/steadicam operator main unit (4 episodes 2022),Apt sa manance orice
Andrei Cretan,first assistant camera: "b" camera (4 episodes 2022),Vegetarian
Fabrizio Sciarra,camera operator: "a" camera/steadicam operator main unit (4 episodes 2022),Vegetarian
Boroka Biro,director of photography: epk (2 episodes 2022),Flexitarian
Valdas Gulbinauskas,video assistant: additional photography (2 episodes 2022),Vegetarian
Matei Popa,second assistant camera: second unit (2 episodes 2022),Vegetarian
S�ndor �rkus,data management technician (2 episodes 2022),Flexitarian
Cornel Biciu,underwater gaffer (1 episode 2022),Vegetarian
Neil Bradley,ronin 2 technician: additional photography (1 episode 2022),Flexitarian
Alexandru Durac,camera operator: "a" camera/steadicam operator (1 episode 2022),Flexitarian
Sarbu Gigi,key grip: second unit (1 episode 2022),Vegetarian
Ben Parish,underwater assistant camera (1 episode 2022),Flexitarian
Aurelian Radu,grip (2 episodes 2022),Flexitarian
Ian Seabrook,underwater director of photography (1 episode 2022),Flexitarian
Constantin Stan,second unit (1 episode 2022),Vegetarian
Alexandru Bogdan Stefan,crane technician (2 episodes 2022),Vegetarian
Bal�zs V�rszegi,data management technician (2 episodes 2022),Flexitarian
Jens Winkler,underwater assistant camera (1 episode 2022),Vegetarian
Catalin Popa,photography assistant (uncredited) (8 episodes 2022),Flexitarian
Peter Driscoll,key animator (1 episode 2022),Vegetarian
Whitney Strouth,animator (uncredited) (1 episode 2022),Flexitarian
Emily Bohbrink,casting associate (8 episodes 2022),Flexitarian
Sin�ad Donnelly,casting assistant: Jenna Ortega (8 episodes 2022),Vegetarian
Radu Dragoi,casting assistant (8 episodes 2022),Vegetarian
Frankie Fearis,casting assistant (8 episodes 2022),Flexitarian
Olissa Rogers,casting associate: Jenna Ortega (8 episodes 2022),Apt sa manance orice
Chandra Ruegg,casting associate (8 episodes 2022),Vegetarian
Fiona Weir,casting: Jenna Ortega (8 episodes 2022),Apt sa manance orice
Sarah Wilson,casting associate (8 episodes 2022),Vegetarian
Maddalena Zuppetta,casting assistant (8 episodes 2022),Flexitarian
George Ludlow,casting associate (3 episodes 2022),Apt sa manance orice
Ioana Albaiu,wardrobe supervisor (8 episodes 2022),Vegetarian
Madalina Anton,breakdown artist (8 episodes 2022),Vegetarian
Mattia Bionda,principal costume cutter (8 episodes 2022),Flexitarian
Mariana Bujoi,costumer (8 episodes 2022),Vegetarian
Maria Ciucanu,wardrobe mistress (8 episodes 2022),Vegetarian
Ylenia Comerci,principal seamstress (8 episodes 2022),Vegetarian
Lavinia Dedu,set costumer (8 episodes 2022),Flexitarian
Constantinescu Denisa,wardrobe assistant (8 episodes 2022),Flexitarian
Andreea Dinu,principal standby (8 episodes 2022),Apt sa manance orice
Maria Endara,senior costume maker (8 episodes 2022),Vegetarian
Cristina Ghergheli,set costumer (8 episodes 2022),Apt sa manance orice
Megan Howell,senior costume maker (8 episodes 2022),Apt sa manance orice
Daniela Ilin,set costumer (8 episodes 2022),Apt sa manance orice
Benjamin Ip,costume concept artist (8 episodes 2022),Vegetarian
Ana Lazar,wardrobe assistant (8 episodes 2022),Flexitarian
Paula Lazaroni,breackdown artist (8 episodes 2022),Vegetarian
Twan Lentjes,principal costume maker (8 episodes 2022),Apt sa manance orice
Ioana Mihailescu,wardrobe assistant / crowd standby costumer / crowd stand-by costumer (8 episodes 2022),Vegetarian
Alessio O'Driscoll,principle costume cutter (8 episodes 2022),Vegetarian
Ioana Somanescu,principal standby (8 episodes 2022),Flexitarian
Bobby Soutar,assistant costume designer (8 episodes 2022),Vegetarian
Mark Sutherland,costume co-designer (8 episodes 2022),Apt sa manance orice
Beth Tilley,senior costume maker (8 episodes 2022),Flexitarian
Jess Willcock-Stow,junior assistant costume designer / junior assistant costume designerr (8 episodes 2022),Apt sa manance orice
Elizabeta Zainea,wardrobe assistant (8 episodes 2022),Flexitarian
Marta Airoli,principal seamstress (5 episodes 2022),Vegetarian
Ian Frazer Wallace,principle cutter (5 episodes 2022),Flexitarian
Adina Bucur,costume supervisor (4 episodes 2022),Flexitarian
Claudia Littlefield,costume supervisor (3 episodes 2022),Flexitarian
Alina Caprian,additional costumer (1 episode 2022),Flexitarian
Madison D'Urbano,post-production assistant: Marc Graue Recording Studios (8 episodes 2022),Apt sa manance orice
Bogdan Geambasu,dailies operator (8 episodes 2022),Vegetarian
Katherine Hul,post production supervisor (8 episodes 2022),Flexitarian
Razvan Ilinca,assistant editor (8 episodes 2022),Vegetarian
Tom Mayclim,data manager: Company 3 (8 episodes 2022),Apt sa manance orice
Ian Passy,Color Assistant (8 episodes 2022),Vegetarian
Sebastian Plamadeala,dailies supervisor (8 episodes 2022),Apt sa manance orice
Carmen Rizac,dailies coordinator (8 episodes 2022),Vegetarian
Joanne Rourke,senior colorist (7 episodes 2022),Flexitarian
Alexandru Stoica,dailies operator (8 episodes 2022),Flexitarian
Ian Sullivan,finishing accountant (8 episodes 2022),Apt sa manance orice
Lavinia Terletchi,assistant editor (8 episodes 2022),Apt sa manance orice
Viktorija Tupikaite,data i/o operator (8 episodes 2022),Flexitarian
Motassem Younes,on-line editor (8 episodes 2022),Flexitarian
Galina Chakarova,first assistant editor (4 episodes 2022),Vegetarian
Mihai Cosmin Popa,first assistant editor (4 episodes 2022),Flexitarian
Paul G. Day,additional editor (1 episode 2022),Apt sa manance orice
Cristi Dogaru,assistant location manager (8 episodes 2022),Apt sa manance orice
Calin Hagima,location manager (8 episodes 2022),Flexitarian
Tracey Savein,location scout (8 episodes 2022),Vegetarian
Alex Molea,supervising location manager (4 episodes 2022),Flexitarian
Mircea Paraschiv,location manager (4 episodes 2022),Flexitarian
Florin Patrascu,assistant location manager (4 episodes 2022),Vegetarian
Chris Bacon,composer: additional music (8 episodes 2022),Flexitarian
Sarah Chapeck,music coordinator (8 episodes 2022),Vegetarian
Norbert Elek,music preparation (8 episodes 2022),Vegetarian
Danny Elfman,theme music composer (8 episodes 2022),Apt sa manance orice
Peter Kohrman,technical score engineer (8 episodes 2022),Vegetarian
Jen Malone,music supervisor (8 episodes 2022),Flexitarian
Mandy Mamlet,music executive (8 episodes 2022),Flexitarian
�lveti M�ty�s,cello solos by (8 episodes 2022),Flexitarian
Michael T. Ryan,music editor (8 episodes 2022),Vegetarian
B�lint Sapszon,contractor for Budapest Scoring (8 episodes 2022),Flexitarian
Viktor Szab�,recording engineer (8 episodes 2022),Apt sa manance orice
Nicole Weisberg,music supervisor (8 episodes 2022),Flexitarian
Shachar Boussani,score mix assistant (6 episodes 2022),Vegetarian
Robert Litton,orchestrator (6 episodes 2022),Apt sa manance orice
Noah Scot Snyder,music scoring mixer (6 episodes 2022),Vegetarian
Esin Aydingoz,arranger (3 episodes 2022),Apt sa manance orice
Hemanth965,orchestrator: theme melody (3 episodes 2022),Apt sa manance orice
Steve Bartek,orchestrator (2 episodes 2022),Flexitarian
Bence Bob�k,score engineer (2 episodes 2022),Vegetarian
David G. Russell,conforming (2 episodes 2022),Flexitarian
Greg Hayes,music scoring mixer (1 episode 2022),Apt sa manance orice
Bri Holland,singer (1 episode 2022),Apt sa manance orice
Alfredo Pasquel,score mix assistant (1 episode 2022),Vegetarian
Cristina B�lea,assistant script supervisor (8 episodes 2022),Flexitarian
Monica Tatu,script supervisor (8 episodes 2022),Flexitarian
Daniel Sipocz,service driver (8 episodes 2022),Vegetarian
Pal Szil�rd Levente,unit driver (8 episodes 2022),Vegetarian
Priscila Amescua-Mendez,Support to co executive producer (8 episodes 2022),Apt sa manance orice
Dogaru Silviu Andrei,unit production assistant / unit set assistant (8 episodes 2022),Apt sa manance orice
Aaron Becker,main title design (8 episodes 2022),Flexitarian
Gergo Benkoczy,dog trainer (8 episodes 2022),Flexitarian
Dascalu Bogdan,unit production assistant (8 episodes 2022),Flexitarian
Teo Bostanica,unit manager (8 episodes 2022),Vegetarian
Alexandra Cranga,petty cash accountant (8 episodes 2022),Vegetarian
Razvana Cristescu,first assistant accountant (8 episodes 2022),Apt sa manance orice
Claudia Dediu,producer's assistant (8 episodes 2022),Vegetarian
Penny Dyer,dialect coach (8 episodes 2022),Flexitarian
Zoltan Horkai,head animal trainer (8 episodes 2022),Apt sa manance orice
Ana Ineni,production secretary (8 episodes 2022),Apt sa manance orice
Emanuel Gabriel Ion,testing coordinator assistant (8 episodes 2022),Apt sa manance orice
Gavriloaia Irina,assistant contracts coordinator (8 episodes 2022),Apt sa manance orice
Peter Ivanyi,head animal trainer (8 episodes 2022),Vegetarian
Austin Kircher,post-production accountant (8 episodes 2022),Vegetarian
Christopher Landry,epk host (8 episodes 2022),Apt sa manance orice
Nelson Moses Lassiter,production administration assistant (8 episodes 2022),Vegetarian
Ioana Macarie,choreographer (8 episodes 2022),Apt sa manance orice
Cosmin Manea,payroll accountant (8 episodes 2022),Vegetarian
Elle McAlpine,intimacy coordinator (8 episodes 2022),Flexitarian
Troy James Miller,titles producer: Filmograph (8 episodes 2022),Vegetarian
Dan Mirea,unit operations (8 episodes 2022),Apt sa manance orice
Ioana Mititelu,assistant production coordinator (8 episodes 2022),Vegetarian
Kristine Popovici,office production assistant (8 episodes 2022),Flexitarian
Aurel Nicolae Radu,assistant accountant (8 episodes 2022),Flexitarian
Olesea Railean,production accountant (8 episodes 2022),Vegetarian
Adrian Sabau,production coordinator (8 episodes 2022),Vegetarian
Iulia Anamaria Sima,contracts coordinator (8 episodes 2022),Flexitarian
Daniela Soare,production assistant (8 episodes 2022),Apt sa manance orice
Adam M. Stone,product placement coordinator (8 episodes 2022),Flexitarian
Cat Stone,product placement coordinator (8 episodes 2022),Vegetarian
Georgiana Tamaga,travel coordinator (8 episodes 2022),Flexitarian
Logi Thorvaldsson,actors assistant (8 episodes 2022),Flexitarian
Toria Turner,executive assistant (8 episodes 2022),Vegetarian
Tony Wright,international liaison (8 episodes 2022),Flexitarian
Bianca Bumbacea,basecamp runner (7 episodes 2022),Vegetarian
Lindsay Moffat,production accountant (4 episodes 2022),Flexitarian
Gunnar Sizemore,adr voice actor (4 episodes 2022),Vegetarian
Bacula Sorin,caterer (3 episodes 2022),Vegetarian
Monica Adam,petty cash (2 episodes 2022),Flexitarian
Liliana Chomsky,adr loop group (2 episodes 2022),Apt sa manance orice
Vanessa Coffey,intimacy coordinator (2 episodes 2022),Flexitarian
Marius Florescu,covid supervisor (2 episodes 2022),Vegetarian
Marilyn Lindsay,prep accountant (2 episodes 2022),Flexitarian
Rhidian Bridge,covid supervisor (1 episode 2022),Flexitarian
Bianca Bumvacea,basecamp runner (1 episode 2022),Vegetarian
Luke Carroll,production secretary: additional photography (1 episode 2022),Flexitarian
Ahmed El-Gallad,writer (1 episode 2022),Vegetarian
Jorge Garcia Castro,consultant (1 episode 2022),Flexitarian
Adam Lannon,covid manager (1 episode 2022),Vegetarian
Sarah McGuinness,dialect coach: James Clay Caroline Lawrie (1 episode 2022),Vegetarian
Annabel Wilkin,first assistant accountant: UK (1 episode 2022),Apt sa manance orice
Eugene Shawn,assistant (uncredited) (8 episodes 2022),Apt sa manance orice
Ana Duarte,assistant to casting director (uncredited) (1 episode 2022),Apt sa manance orice
Isaac Sunderland,covid coordinator (uncredited) (1 episode 2022),Vegetarian
Tbixq Wjeqtepta,extra,Vegetarian,Clarvazator
Mbudfohp Bkak,extra,Vegetarian,Varcolac
Psugre Mribxepvo,extra,Apt sa manance orice,Om
Xdejqaxnag Rratkac,extra,Flexitarian,Varcolac
Fmosbisjuj Jpidgebkox,extra,Vegetarian,Varcolac
Hkilde Xvid,extra,Flexitarian,Om
Xvugk Qsoxj,extra,Flexitarian,Om
Dseprunxeh Gtujxorjip,extra,Vegetarian,Vampir
Cnawmok Smekbaqjo,extra,Flexitarian,Vampir
Ncox Kqefro,extra,Flexitarian,Vampir
Sqeshen Fpix,extra,Vegetarian,Varcolac
Rbifcavh Pwiw,extra,Flexitarian,Om
Bcurmuln Bmicgeple,extra,Flexitarian,Varcolac
Bpowva Mvewgaf,extra,Flexitarian,Vampir
Slat Vbelpuwji,extra,Vegetarian,Vampir
Rhubrutpu Shanwetn,extra,Flexitarian,Om
Jxofqark Wcihh,extra,Apt sa manance orice,Varcolac
Cvulr Scojse,extra,Vegetarian,Clarvazator
Cbichihna Fkucx,extra,Flexitarian,Vampir
Fkokkucte Hsohlugpo,extra,Vegetarian,Vampir
Fmensinc Qnurh,extra,Apt sa manance orice,Sirena
Fsuftuvw Dvunmew,extra,Apt sa manance orice,Sirena
Qdawhi Dpam,extra,Vegetarian,Sirena
Hjokwu Pcolxu,extra,Flexitarian,Clarvazator
Bqit Hdult,extra,Vegetarian,Sirena
Wpergirx Mrevcij,extra,Flexitarian,Varcolac
Wtov Jkojk,extra,Apt sa manance orice,Clarvazator
Mgegdosxit Wnadpot,extra,Flexitarian,Clarvazator
Cqusfaj Nmunle,extra,Flexitarian,Om
Fcimmew Dsusbesfax,extra,Flexitarian,Om
Lsefd Dxuvwupju,extra,Vegetarian,Vampir
Bhuxrux Tqonnabrad,extra,Flexitarian,Clarvazator
Xpanbedxu Dragwovhug,extra,Apt sa manance orice,Varcolac
Jladn Gkekc,extra,Vegetarian,Clarvazator
Wduchi Qlanvas,extra,Apt sa manance orice,Sirena
Kfirdak Lxuntets,extra,Flexitarian,Varcolac
Vvurxudha Dkahvep,extra,Flexitarian,Clarvazator
Rmelf Khevvurvit,extra,Vegetarian,Clarvazator
Bkewtijvib Dpiwlowxiw,extra,Flexitarian,Vampir
Fwovtetna Qxaslofwoc,extra,Vegetarian,Clarvazator
Tkac Tnijkeg,extra,Apt sa manance orice,Vampir
Xjanvihro Glem,extra,Vegetarian,Varcolac
Scalrexduk Lbikcahquk,extra,Apt sa manance orice,Sirena
Vnudxem Xbupkevxu,extra,Vegetarian,Clarvazator
Pdusw Lqapcejbe,extra,Vegetarian,Sirena
Rkamnop Hteh,extra,Apt sa manance orice,Sirena
Plakk Gbaxgeqr,extra,Flexitarian,Varcolac
Wpepjedg Tcupp,extra,Flexitarian,Clarvazator
Bxewcosxa Vganbu,extra,Vegetarian,Clarvazator
Fgosmolga Jqabwof,extra,Vegetarian,Om
Sdorratwej Pcorroqrig,extra,Vegetarian,Sirena
Vkijlimp Xvexmavn,extra,Vegetarian,Clarvazator
Hcujsal Rteqtaq,extra,Flexitarian,Om
Tpodvejqe Rvopxoksin,extra,Flexitarian,Vampir
Lcob Lxarjebq,extra,Vegetarian,Sirena
Dvugkugti Gnixge,extra,Apt sa manance orice,Vampir
Vjufjotxod Gmujf,extra,Flexitarian,Om
Xhekke Kkaftorcow,extra,Vegetarian,Sirena
Gseple Dpibfigga,extra,Vegetarian,Sirena
Cbacduqq Vwelv,extra,Flexitarian,Sirena
Jkag Mkeb,extra,Apt sa manance orice,Varcolac
Pdamjehqow Qmikkav,extra,Vegetarian,Sirena
Hnesqact Grocpiljel,extra,Vegetarian,Varcolac
Nvukg Wgesmawt,extra,Vegetarian,Clarvazator
Jxoqbipfo Cgasxafmu,extra,Apt sa manance orice,Sirena
Rjos Pvojco,extra,Vegetarian,Vampir
Bmovtablek Bnaqdap,extra,Vegetarian,Varcolac
Bvacguwhoq Slennolted,extra,Vegetarian,Varcolac
Nwiwmivcip Mxarpivp,extra,Apt sa manance orice,Vampir
Vtavjav Gfohj,extra,Apt sa manance orice,Om
Smog Xlakfa,extra,Flexitarian,Om
Mhujjohgu Hwugx,extra,Vegetarian,Varcolac
Qgatwa Wrukbikw,extra,Apt sa manance orice,Sirena
Sbokligve Kbisge,extra,Apt sa manance orice,Sirena
Xqar Hcohdog,extra,Flexitarian,Om
Pketgavl Rsafhuvruj,extra,Flexitarian,Varcolac
Vlupmurni Wkodgelbit,extra,Vegetarian,Sirena
Njarn Jqitqibci,extra,Vegetarian,Varcolac
Wdod Pvefvejp,extra,Apt sa manance orice,Varcolac
Vbevlosga Lmamvimhof,extra,Apt sa manance orice,Varcolac
Gwax Bcex,extra,Apt sa manance orice,Clarvazator
Lwupfarco Xgiwpu,extra,Vegetarian,Vampir
Xtifmarhu Dvahcimjo,extra,Apt sa manance orice,Varcolac
Fseklux Clefri,extra,Vegetarian,Clarvazator
Rsokvogtim Pdokb,extra,Vegetarian,Clarvazator
Gpudpotqi Cgocbakmu,extra,Apt sa manance orice,Om
Ctiqqabsa Dqoqnumwa,extra,Vegetarian,Clarvazator
Hnap Rsaf,extra,Flexitarian,Varcolac
Bmijfasca Sbimmotfav,extra,Apt sa manance orice,Varcolac
Nximtevji Lsiwpedcac,extra,Apt sa manance orice,Om
Cvuhvan Vtavselb,extra,Vegetarian,Vampir
Wcivbi Chiqji,extra,Flexitarian,Clarvazator
Kxecwi Kmukkedcar,extra,Flexitarian,Sirena
Lsuddihqo Jmagluxda,extra,Apt sa manance orice,Vampir
Wdusk Bpoxre,extra,Flexitarian,Varcolac
Fwiwqe Jwomvutkot,extra,Vegetarian,Sirena
Kjojmiswes Vlirj,extra,Apt sa manance orice,Varcolac
Bqoptimruh Djaq,extra,Apt sa manance orice,Varcolac
Wqabnok Gbub,extra,Flexitarian,Clarvazator
Cvebl Xviss,extra,Vegetarian,Sirena
Hxogbijkaj Lbok,extra,Apt sa manance orice,Clarvazator
Rduc Psudqu,extra,Vegetarian,Varcolac
Hwis Khasxe,extra,Apt sa manance orice,Vampir
Lduxmi Wdujwirsak,extra,Flexitarian,Clarvazator
Rgecqersap Nracsefm,extra,Apt sa manance orice,Clarvazator
Xtephubmaf Bsogvux,extra,Vegetarian,Vampir
Jmar Cxevdelne,extra,Apt sa manance orice,Om
Nmefdikvah Rbarwafva,extra,Apt sa manance orice,Vampir
Hqefge Hpect,extra,Flexitarian,Varcolac
Wniptobku Kpeksa,extra,Apt sa manance orice,Clarvazator
Tvokhinke Fjexr,extra,Flexitarian,Varcolac
Mjuwdu Qqeh,extra,Flexitarian,Varcolac
Plusmilluf Ksilcexqu,extra,Apt sa manance orice,Varcolac
Hgoptahce Gpivg,extra,Vegetarian,Varcolac
Jgijxe Pharnug,extra,Flexitarian,Sirena
Qmokmelpig Sretnu,extra,Apt sa manance orice,Clarvazator
Qnajsetra Wreftejxac,extra,Vegetarian,Sirena
Qwob Pnikkojbog,extra,Apt sa manance orice,Sirena
Wsadqa Cvaxw,extra,Apt sa manance orice,Om
Jdudcull Mbugqetw,extra,Apt sa manance orice,Clarvazator
Cjomcims Vmovnog,extra,Flexitarian,Vampir
Kqevhexne Twapxa,extra,Vegetarian,Varcolac
Stil Ddaptex,extra,Flexitarian,Vampir
Bpot Gdaq,extra,Vegetarian,Varcolac
Nhelvaxv Qxawvoq,extra,Apt sa manance orice,Sirena
Cfidcat Tjinxu,extra,Apt sa manance orice,Sirena
Ftexgiw Kmeh,extra,Vegetarian,Clarvazator
Mjadh Gcihwefci,extra,Flexitarian,Clarvazator
Trul Svakse,extra,Flexitarian,Clarvazator
Bgimnutk Qgodgejluj,extra,Vegetarian,Vampir
Nbatko Msibdeqcak,extra,Apt sa manance orice,Vampir
Lvuhgob Hguv,extra,Apt sa manance orice,Om
